{
  "id": "impmal-cover-walls",
  "title": "Imperium Maledictum - Cover Walls",
  "description": "Simple module for FoundryVTT Imperium Maledictum system to add Cover functionality to walls.",
  "authors": [
      {
          "name": "Captain Cat",
          "email": "captaincat612@gmail.com"
      }
  ],
  "version": "0.1.0",
  "compatibility":{
      "minimum": 11,
      "verified": 11
  },
  "esmodules": ["./cover-walls.js"],
  "languages": [
    {
      "lang": "en",
      "name": "English",
      "path": "lang/en.json"
    }
  ],
  "system": ["impmal"],
  "relationships": {
    "systems": [{
      "id": "impmal",
      "type": "system",
      "manifest": "https://github.com/moo-man/ImpMal-FoundryVTT/releases/latest/download/system.json",
      "compatibility": {
        "verified": "1.3.1"
      }
    }]
  },
  "url": "https://github.com/CaptainCat612/impmal-cover-walls",
  "manifest": "https://github.com/CaptainCat612/impmal-cover-walls/releases/latest/download/module.json",
  "download": "https://github.com/CaptainCat612/impmal-cover-walls/releases/latest/download/module.zip",
  "readme": "https://github.com/CaptainCat612/impmal-cover-walls/blob/main/README.md",
  "license": "https://github.com/CaptainCat612/impmal-cover-walls/blob/main/LICENSE",
  "bugs": "https://github.com/CaptainCat612/impmal-cover-walls/issues"
}
